Id,y
30000,2
30001,6
30002,3
30003,6
30004,8
30005,2
30006,6
30007,9
30008,4
30009,1
30010,0
30011,1
30012,7
30013,7
30014,9
30015,0
30016,2
30017,4
30018,4
30019,1
30020,5
30021,4
30022,5
30023,0
30024,5
30025,7
30026,9
30027,7
30028,2
30029,6
30030,9
30031,1
30032,3
30033,8
30034,1
30035,6
30036,2
30037,8
30038,1
30039,4
30040,1
30041,1
30042,8
30043,2
30044,2
30045,8
30046,8
30047,9
30048,3
30049,0
30050,1
30051,0
30052,7
30053,8
30054,1
30055,3
30056,0
30057,7
30058,0
30059,4
30060,4
30061,9
30062,9
30063,7
30064,0
30065,5
30066,9
30067,2
30068,4
30069,6
30070,2
30071,4
30072,5
30073,2
30074,9
30075,6
30076,7
30077,4
30078,3
30079,4
30080,9
30081,6
30082,5
30083,9
30084,2
30085,8
30086,5
30087,0
30088,5
30089,4
30090,0
30091,4
30092,0
30093,8
30094,3
30095,5
30096,6
30097,3
30098,5
30099,7
30100,8
30101,0
30102,2
30103,6
30104,2
30105,0
30106,0
30107,9
30108,2
30109,2
30110,9
30111,5
30112,5
30113,7
30114,7
30115,9
30116,9
30117,6
30118,2
30119,1
30120,6
30121,8
30122,0
30123,3
30124,9
30125,4
30126,9
30127,6
30128,8
30129,4
30130,4
30131,5
30132,2
30133,8
30134,5
30135,5
30136,0
30137,4
30138,0
30139,4
30140,7
30141,7
30142,0
30143,6
30144,8
30145,1
30146,0
30147,8
30148,2
30149,6
30150,8
30151,5
30152,7
30153,9
30154,6
30155,8
30156,7
30157,1
30158,7
30159,0
30160,8
30161,9
30162,5
30163,8
30164,8
30165,9
30166,2
30167,1
30168,9
30169,2
30170,5
30171,1
30172,3
30173,9
30174,0
30175,1
30176,9
30177,4
30178,1
30179,1
30180,5
30181,5
30182,8
30183,1
30184,1
30185,8
30186,1
30187,1
30188,4
30189,6
30190,4
30191,2
30192,4
30193,0
30194,2
30195,2
30196,5
30197,0
30198,0
30199,6
30200,8
30201,2
30202,3
30203,0
30204,2
30205,9
30206,6
30207,9
30208,1
30209,8
30210,7
30211,2
30212,8
30213,6
30214,3
30215,4
30216,9
30217,1
30218,1
30219,8
30220,8
30221,6
30222,6
30223,5
30224,2
30225,2
30226,4
30227,4
30228,1
30229,7
30230,0
30231,5
30232,4
30233,7
30234,4
30235,4
30236,4
30237,8
30238,4
30239,5
30240,6
30241,5
30242,6
30243,4
30244,5
30245,9
30246,0
30247,4
30248,5
30249,2
30250,7
30251,5
30252,6
30253,1
30254,2
30255,2
30256,8
30257,5
30258,7
30259,7
30260,0
30261,8
30262,2
30263,9
30264,6
30265,1
30266,4
30267,7
30268,1
30269,5
30270,9
30271,5
30272,7
30273,4
30274,1
30275,5
30276,8
30277,7
30278,9
30279,7
30280,5
30281,9
30282,4
30283,9
30284,9
30285,6
30286,5
30287,7
30288,9
30289,7
30290,8
30291,9
30292,9
30293,6
30294,9
30295,4
30296,2
30297,8
30298,5
30299,6
30300,1
30301,7
30302,8
30303,6
30304,3
30305,5
30306,0
30307,6
30308,0
30309,1
30310,8
30311,1
30312,8
30313,7
30314,7
30315,7
30316,4
30317,8
30318,8
30319,4
30320,6
30321,1
30322,6
30323,1
30324,2
30325,7
30326,8
30327,8
30328,4
30329,8
30330,0
30331,5
30332,9
30333,7
30334,7
30335,9
30336,3
30337,0
30338,7
30339,4
30340,4
30341,7
30342,4
30343,1
30344,1
30345,6
30346,5
30347,9
30348,9
30349,7
30350,7
30351,0
30352,6
30353,1
30354,9
30355,2
30356,2
30357,3
30358,5
30359,7
30360,1
30361,8
30362,5
30363,0
30364,3
30365,1
30366,0
30367,8
30368,5
30369,5
30370,7
30371,4
30372,4
30373,5
30374,8
30375,9
30376,0
30377,0
30378,4
30379,4
30380,5
30381,4
30382,8
30383,5
30384,6
30385,1
30386,2
30387,7
30388,6
30389,4
30390,2
30391,5
30392,4
30393,4
30394,9
30395,4
30396,7
30397,3
30398,2
30399,8
30400,0
30401,8
30402,7
30403,1
30404,9
30405,1
30406,9
30407,1
30408,1
30409,3
30410,5
30411,2
30412,9
30413,0
30414,0
30415,8
30416,1
30417,9
30418,8
30419,4
30420,7
30421,5
30422,9
30423,6
30424,4
30425,9
30426,1
30427,3
30428,2
30429,4
30430,9
30431,2
30432,6
30433,4
30434,9
30435,8
30436,9
30437,1
30438,2
30439,6
30440,0
30441,0
30442,6
30443,1
30444,9
30445,0
30446,5
30447,8
30448,2
30449,5
30450,8
30451,7
30452,9
30453,7
30454,9
30455,9
30456,7
30457,3
30458,4
30459,0
30460,0
30461,2
30462,2
30463,4
30464,9
30465,6
30466,4
30467,8
30468,8
30469,1
30470,0
30471,0
30472,5
30473,7
30474,0
30475,8
30476,4
30477,4
30478,6
30479,3
30480,0
30481,1
30482,0
30483,0
30484,6
30485,0
30486,5
30487,0
30488,9
30489,3
30490,8
30491,9
30492,5
30493,8
30494,0
30495,1
30496,0
30497,5
30498,0
30499,5
30500,9
30501,8
30502,6
30503,8
30504,4
30505,6
30506,8
30507,9
30508,9
30509,2
30510,9
30511,0
30512,7
30513,3
30514,4
30515,7
30516,6
30517,2
30518,8
30519,4
30520,1
30521,6
30522,1
30523,9
30524,9
30525,4
30526,7
30527,1
30528,2
30529,8
30530,1
30531,2
30532,2
30533,8
30534,0
30535,6
30536,7
30537,7
30538,6
30539,1
30540,9
30541,7
30542,3
30543,0
30544,5
30545,7
30546,8
30547,8
30548,4
30549,9
30550,4
30551,7
30552,2
30553,0
30554,0
30555,8
30556,5
30557,6
30558,0
30559,9
30560,4
30561,5
30562,1
30563,9
30564,0
30565,5
30566,7
30567,8
30568,9
30569,1
30570,2
30571,1
30572,0
30573,7
30574,0
30575,9
30576,4
30577,3
30578,8
30579,6
30580,9
30581,0
30582,1
30583,1
30584,5
30585,2
30586,4
30587,7
30588,9
30589,4
30590,9
30591,9
30592,4
30593,9
30594,1
30595,1
30596,9
30597,0
30598,0
30599,9
30600,4
30601,3
30602,2
30603,9
30604,2
30605,0
30606,1
30607,1
30608,6
30609,0
30610,1
30611,9
30612,0
30613,1
30614,9
30615,0
30616,4
30617,2
30618,5
30619,1
30620,5
30621,0
30622,1
30623,5
30624,5
30625,7
30626,5
30627,4
30628,6
30629,8
30630,8
30631,8
30632,7
30633,4
30634,4
30635,8
30636,6
30637,7
30638,6
30639,4
30640,6
30641,1
30642,1
30643,5
30644,8
30645,9
30646,6
30647,8
30648,1
30649,1
30650,7
30651,0
30652,7
30653,4
30654,2
30655,1
30656,8
30657,8
30658,8
30659,1
30660,2
30661,8
30662,0
30663,7
30664,0
30665,7
30666,5
30667,4
30668,2
30669,6
30670,3
30671,8
30672,1
30673,6
30674,0
30675,0
30676,6
30677,5
30678,0
30679,3
30680,4
30681,2
30682,2
30683,4
30684,2
30685,6
30686,1
30687,0
30688,1
30689,7
30690,8
30691,4
30692,0
30693,4
30694,6
30695,6
30696,1
30697,4
30698,7
30699,3
30700,0
30701,6
30702,5
30703,0
30704,1
30705,5
30706,5
30707,3
30708,4
30709,5
30710,2
30711,5
30712,8
30713,4
30714,6
30715,2
30716,5
30717,2
30718,0
30719,6
30720,9
30721,7
30722,9
30723,1
30724,7
30725,5
30726,2
30727,8
30728,5
30729,4
30730,1
30731,8
30732,1
30733,5
30734,0
30735,9
30736,5
30737,2
30738,2
30739,2
30740,5
30741,4
30742,8
30743,4
30744,9
30745,4
30746,1
30747,2
30748,6
30749,8
30750,7
30751,7
30752,7
30753,0
30754,9
30755,2
30756,6
30757,5
30758,1
30759,6
30760,4
30761,3
30762,1
30763,8
30764,9
30765,9
30766,6
30767,6
30768,8
30769,7
30770,8
30771,4
30772,4
30773,7
30774,2
30775,6
30776,4
30777,6
30778,9
30779,9
30780,0
30781,2
30782,1
30783,7
30784,4
30785,9
30786,4
30787,0
30788,4
30789,8
30790,7
30791,0
30792,6
30793,6
30794,5
30795,0
30796,8
30797,8
30798,9
30799,8
30800,7
30801,4
30802,0
30803,4
30804,7
30805,1
30806,5
30807,7
30808,2
30809,4
30810,7
30811,9
30812,4
30813,1
30814,5
30815,6
30816,9
30817,4
30818,1
30819,2
30820,1
30821,9
30822,9
30823,7
30824,1
30825,1
30826,2
30827,0
30828,4
30829,1
30830,4
30831,0
30832,5
30833,6
30834,7
30835,9
30836,5
30837,5
30838,7
30839,2
30840,0
30841,8
30842,0
30843,0
30844,5
30845,5
30846,1
30847,4
30848,0
30849,0
30850,5
30851,7
30852,9
30853,6
30854,4
30855,0
30856,0
30857,0
30858,5
30859,8
30860,6
30861,0
30862,9
30863,0
30864,9
30865,2
30866,0
30867,1
30868,3
30869,6
30870,3
30871,4
30872,2
30873,8
30874,5
30875,1
30876,8
30877,2
30878,1
30879,4
30880,6
30881,5
30882,2
30883,1
30884,9
30885,8
30886,2
30887,5
30888,0
30889,1
30890,8
30891,1
30892,0
30893,2
30894,1
30895,2
30896,9
30897,2
30898,4
30899,4
30900,1
30901,8
30902,6
30903,4
30904,6
30905,7
30906,7
30907,7
30908,2
30909,0
30910,4
30911,9
30912,5
30913,8
30914,2
30915,0
30916,6
30917,6
30918,2
30919,3
30920,3
30921,5
30922,7
30923,1
30924,1
30925,1
30926,2
30927,2
30928,6
30929,0
30930,6
30931,7
30932,5
30933,9
30934,1
30935,1
30936,0
30937,0
30938,1
30939,0
30940,3
30941,3
30942,1
30943,0
30944,6
30945,2
30946,5
30947,5
30948,9
30949,6
30950,1
30951,6
30952,1
30953,2
30954,8
30955,4
30956,6
30957,9
30958,9
30959,9
30960,8
30961,4
30962,7
30963,6
30964,9
30965,0
30966,7
30967,7
30968,0
30969,1
30970,0
30971,2
30972,7
30973,5
30974,6
30975,7
30976,6
30977,4
30978,9
30979,8
30980,4
30981,1
30982,3
30983,5
30984,5
30985,0
30986,7
30987,9
30988,4
30989,9
30990,9
30991,7
30992,2
30993,5
30994,8
30995,8
30996,5
30997,8
30998,2
30999,8
31000,4
31001,7
31002,1
31003,5
31004,9
31005,1
31006,8
31007,8
31008,0
31009,5
31010,9
31011,7
31012,0
31013,4
31014,6
31015,1
31016,0
31017,9
31018,8
31019,6
31020,8
31021,1
31022,8
31023,8
31024,1
31025,6
31026,8
31027,5
31028,1
31029,9
31030,6
31031,6
31032,4
31033,0
31034,9
31035,1
31036,1
31037,2
31038,2
31039,4
31040,7
31041,9
31042,8
31043,1
31044,1
31045,2
31046,7
31047,5
31048,8
31049,7
31050,6
31051,5
31052,1
31053,1
31054,5
31055,6
31056,8
31057,9
31058,9
31059,6
31060,8
31061,8
31062,6
31063,6
31064,4
31065,2
31066,4
31067,0
31068,5
31069,6
31070,7
31071,9
31072,3
31073,8
31074,6
31075,2
31076,9
31077,0
31078,4
31079,9
31080,5
31081,7
31082,4
31083,7
31084,9
31085,9
31086,4
31087,6
31088,4
31089,7
31090,9
31091,9
31092,2
31093,8
31094,5
31095,7
31096,0
31097,1
31098,8
31099,1
31100,5
31101,6
31102,6
31103,8
31104,1
31105,6
31106,8
31107,0
31108,9
31109,2
31110,9
31111,9
31112,9
31113,9
31114,6
31115,7
31116,4
31117,2
31118,5
31119,6
31120,1
31121,6
31122,9
31123,9
31124,1
31125,2
31126,9
31127,9
31128,0
31129,6
31130,4
31131,0
31132,9
31133,5
31134,1
31135,4
31136,7
31137,5
31138,8
31139,6
31140,4
31141,4
31142,5
31143,6
31144,1
31145,4
31146,6
31147,0
31148,5
31149,7
31150,0
31151,1
31152,4
31153,6
31154,5
31155,1
31156,6
31157,2
31158,5
31159,3
31160,4
31161,6
31162,6
31163,7
31164,2
31165,1
31166,1
31167,4
31168,5
31169,9
31170,0
31171,5
31172,7
31173,6
31174,5
31175,1
31176,4
31177,4
31178,3
31179,7
31180,0
31181,4
31182,3
31183,1
31184,0
31185,5
31186,8
31187,4
31188,1
31189,6
31190,5
31191,4
31192,8
31193,7
31194,7
31195,4
31196,7
31197,8
31198,1
31199,2
31200,3
31201,7
31202,0
31203,9
31204,1
31205,6
31206,6
31207,4
31208,5
31209,4
31210,5
31211,8
31212,3
31213,8
31214,9
31215,1
31216,1
31217,9
31218,7
31219,7
31220,2
31221,7
31222,4
31223,6
31224,1
31225,0
31226,9
31227,7
31228,3
31229,7
31230,7
31231,2
31232,6
31233,8
31234,4
31235,4
31236,8
31237,7
31238,7
31239,8
31240,7
31241,3
31242,6
31243,2
31244,6
31245,0
31246,3
31247,4
31248,1
31249,9
31250,3
31251,9
31252,4
31253,9
31254,7
31255,6
31256,8
31257,8
31258,6
31259,6
31260,5
31261,3
31262,0
31263,4
31264,2
31265,8
31266,7
31267,0
31268,3
31269,6
31270,5
31271,7
31272,3
31273,7
31274,5
31275,0
31276,4
31277,4
31278,9
31279,4
31280,4
31281,7
31282,9
31283,0
31284,8
31285,5
31286,8
31287,0
31288,2
31289,7
31290,2
31291,5
31292,1
31293,9
31294,8
31295,2
31296,0
31297,6
31298,6
31299,6
31300,0
31301,3
31302,1
31303,0
31304,2
31305,2
31306,7
31307,1
31308,0
31309,0
31310,6
31311,9
31312,9
31313,2
31314,7
31315,9
31316,5
31317,7
31318,9
31319,7
31320,4
31321,1
31322,5
31323,9
31324,1
31325,4
31326,0
31327,9
31328,1
31329,6
31330,8
31331,6
31332,8
31333,4
31334,2
31335,9
31336,6
31337,2
31338,0
31339,7
31340,2
31341,0
31342,5
31343,5
31344,6
31345,1
31346,2
31347,8
31348,6
31349,6
31350,1
31351,7
31352,5
31353,1
31354,7
31355,0
31356,7
31357,1
31358,5
31359,0
31360,9
31361,6
31362,3
31363,6
31364,5
31365,8
31366,4
31367,1
31368,8
31369,4
31370,4
31371,7
31372,7
31373,9
31374,2
31375,2
31376,2
31377,8
31378,6
31379,9
31380,5
31381,1
31382,0
31383,2
31384,7
31385,6
31386,1
31387,0
31388,5
31389,4
31390,0
31391,7
31392,7
31393,9
31394,5
31395,2
31396,9
31397,2
31398,0
31399,9
31400,3
31401,4
31402,7
31403,5
31404,6
31405,8
31406,5
31407,4
31408,3
31409,3
31410,1
31411,7
31412,7
31413,2
31414,9
31415,4
31416,1
31417,1
31418,4
31419,6
31420,3
31421,5
31422,4
31423,2
31424,9
31425,2
31426,5
31427,5
31428,0
31429,2
31430,5
31431,0
31432,1
31433,1
31434,2
31435,4
31436,6
31437,7
31438,8
31439,4
31440,0
31441,2
31442,9
31443,0
31444,3
31445,4
31446,5
31447,7
31448,8
31449,8
31450,0
31451,0
31452,4
31453,9
31454,4
31455,3
31456,0
31457,1
31458,9
31459,6
31460,0
31461,7
31462,4
31463,8
31464,5
31465,0
31466,9
31467,7
31468,1
31469,9
31470,1
31471,8
31472,4
31473,5
31474,0
31475,4
31476,0
31477,4
31478,9
31479,4
31480,9
31481,9
31482,9
31483,4
31484,1
31485,0
31486,6
31487,5
31488,6
31489,6
31490,5
31491,9
31492,5
31493,4
31494,1
31495,9
31496,8
31497,1
31498,7
31499,2
31500,6
31501,4
31502,9
31503,2
31504,2
31505,9
31506,2
31507,7
31508,9
31509,7
31510,7
31511,7
31512,0
31513,2
31514,1
31515,4
31516,2
31517,5
31518,9
31519,6
31520,8
31521,4
31522,2
31523,0
31524,5
31525,4
31526,5
31527,0
31528,2
31529,8
31530,1
31531,1
31532,5
31533,5
31534,6
31535,4
31536,1
31537,5
31538,8
31539,6
31540,0
31541,1
31542,1
31543,9
31544,0
31545,5
31546,0
31547,0
31548,7
31549,5
31550,9
31551,8
31552,7
31553,2
31554,6
31555,7
31556,8
31557,4
31558,2
31559,7
31560,4
31561,5
31562,8
31563,4
31564,0
31565,2
31566,5
31567,9
31568,4
31569,1
31570,7
31571,5
31572,9
31573,7
31574,2
31575,0
31576,1
31577,7
31578,0
31579,0
31580,4
31581,9
31582,7
31583,2
31584,1
31585,1
31586,8
31587,9
31588,4
31589,4
31590,1
31591,4
31592,2
31593,1
31594,2
31595,4
31596,9
31597,1
31598,9
31599,7
31600,9
31601,6
31602,8
31603,5
31604,8
31605,9
31606,5
31607,1
31608,2
31609,9
31610,9
31611,9
31612,9
31613,6
31614,0
31615,5
31616,4
31617,0
31618,9
31619,9
31620,7
31621,4
31622,7
31623,2
31624,6
31625,7
31626,6
31627,8
31628,2
31629,5
31630,3
31631,7
31632,7
31633,0
31634,1
31635,3
31636,5
31637,1
31638,8
31639,1
31640,8
31641,5
31642,1
31643,3
31644,2
31645,7
31646,4
31647,2
31648,7
31649,8
31650,7
31651,7
31652,2
31653,6
31654,2
31655,4
31656,1
31657,6
31658,9
31659,6
31660,3
31661,0
31662,6
31663,8
31664,9
31665,5
31666,0
31667,5
31668,2
31669,0
31670,4
31671,6
31672,0
31673,1
31674,6
31675,8
31676,1
31677,8
31678,6
31679,1
31680,8
31681,1
31682,4
31683,9
31684,2
31685,6
31686,4
31687,9
31688,7
31689,8
31690,4
31691,1
31692,8
31693,8
31694,1
31695,0
31696,0
31697,2
31698,8
31699,6
31700,7
31701,1
31702,2
31703,0
31704,1
31705,7
31706,2
31707,4
31708,0
31709,4
31710,2
31711,1
31712,6
31713,8
31714,1
31715,1
31716,8
31717,1
31718,4
31719,9
31720,5
31721,6
31722,8
31723,8
31724,9
31725,7
31726,9
31727,8
31728,1
31729,7
31730,4
31731,0
31732,3
31733,1
31734,7
31735,4
31736,1
31737,0
31738,8
31739,1
31740,5
31741,8
31742,2
31743,5
31744,7
31745,8
31746,0
31747,9
31748,7
31749,6
31750,1
31751,3
31752,9
31753,1
31754,2
31755,6
31756,8
31757,5
31758,9
31759,1
31760,4
31761,8
31762,0
31763,8
31764,7
31765,0
31766,2
31767,9
31768,7
31769,6
31770,0
31771,5
31772,5
31773,5
31774,2
31775,7
31776,0
31777,5
31778,0
31779,1
31780,3
31781,9
31782,5
31783,9
31784,8
31785,1
31786,1
31787,5
31788,7
31789,1
31790,4
31791,2
31792,0
31793,4
31794,9
31795,5
31796,8
31797,4
31798,6
31799,1
31800,6
31801,1
31802,7
31803,7
31804,6
31805,2
31806,1
31807,9
31808,9
31809,5
31810,1
31811,3
31812,1
31813,0
31814,0
31815,9
31816,8
31817,0
31818,7
31819,2
31820,0
31821,2
31822,4
31823,6
31824,2
31825,7
31826,9
31827,8
31828,2
31829,2
31830,9
31831,9
31832,2
31833,6
31834,2
31835,8
31836,9
31837,7
31838,7
31839,3
31840,5
31841,7
31842,4
31843,2
31844,4
31845,0
31846,1
31847,8
31848,0
31849,7
31850,1
31851,1
31852,7
31853,8
31854,9
31855,2
31856,0
31857,7
31858,9
31859,7
31860,1
31861,8
31862,7
31863,1
31864,6
31865,5
31866,6
31867,1
31868,9
31869,2
31870,8
31871,2
31872,6
31873,6
31874,6
31875,6
31876,5
31877,9
31878,6
31879,5
31880,4
31881,2
31882,0
31883,4
31884,8
31885,4
31886,2
31887,9
31888,1
31889,9
31890,1
31891,5
31892,5
31893,3
31894,8
31895,1
31896,2
31897,2
31898,5
31899,8
31900,6
31901,6
31902,7
31903,9
31904,8
31905,0
31906,6
31907,8
31908,4
31909,2
31910,6
31911,4
31912,4
31913,6
31914,9
31915,9
31916,4
31917,4
31918,9
31919,0
31920,6
31921,6
31922,7
31923,6
31924,5
31925,1
31926,0
31927,0
31928,8
31929,2
31930,6
31931,6
31932,0
31933,4
31934,8
31935,1
31936,2
31937,2
31938,8
31939,0
31940,6
31941,2
31942,0
31943,8
31944,6
31945,0
31946,8
31947,5
31948,0
31949,1
31950,8
31951,4
31952,1
31953,2
31954,3
31955,1
31956,4
31957,0
31958,4
31959,8
31960,6
31961,0
31962,5
31963,1
31964,7
31965,0
31966,0
31967,7
31968,9
31969,7
31970,4
31971,1
31972,5
31973,7
31974,9
31975,1
31976,3
31977,1
31978,9
31979,2
31980,1
31981,1
31982,9
31983,7
31984,9
31985,9
31986,8
31987,1
31988,6
31989,6
31990,9
31991,5
31992,6
31993,7
31994,7
31995,4
31996,4
31997,6
31998,6
31999,7
32000,4
32001,9
32002,6
32003,1
32004,8
32005,1
32006,5
32007,9
32008,6
32009,1
32010,8
32011,2
32012,3
32013,7
32014,7
32015,6
32016,1
32017,8
32018,0
32019,5
32020,2
32021,0
32022,1
32023,0
32024,5
32025,6
32026,1
32027,1
32028,6
32029,6
32030,8
32031,9
32032,9
32033,2
32034,0
32035,4
32036,2
32037,7
32038,2
32039,4
32040,4
32041,9
32042,8
32043,5
32044,0
32045,9
32046,1
32047,1
32048,4
32049,4
32050,1
32051,5
32052,0
32053,3
32054,7
32055,8
32056,5
32057,1
32058,5
32059,4
32060,2
32061,6
32062,9
32063,2
32064,7
32065,0
32066,9
32067,6
32068,0
32069,4
32070,6
32071,1
32072,6
32073,6
32074,2
32075,4
32076,1
32077,7
32078,9
32079,9
32080,6
32081,9
32082,7
32083,4
32084,6
32085,8
32086,2
32087,6
32088,2
32089,5
32090,1
32091,6
32092,1
32093,7
32094,4
32095,8
32096,1
32097,6
32098,0
32099,9
32100,0
32101,2
32102,4
32103,3
32104,1
32105,6
32106,0
32107,9
32108,9
32109,2
32110,7
32111,9
32112,2
32113,9
32114,0
32115,4
32116,1
32117,5
32118,9
32119,8
32120,6
32121,9
32122,0
32123,9
32124,1
32125,0
32126,7
32127,1
32128,1
32129,0
32130,9
32131,9
32132,4
32133,9
32134,2
32135,5
32136,1
32137,6
32138,5
32139,4
32140,8
32141,9
32142,1
32143,9
32144,6
32145,6
32146,1
32147,6
32148,6
32149,0
32150,4
32151,1
32152,9
32153,9
32154,5
32155,5
32156,6
32157,9
32158,2
32159,7
32160,7
32161,9
32162,6
32163,4
32164,9
32165,3
32166,4
32167,5
32168,8
32169,1
32170,9
32171,9
32172,0
32173,2
32174,7
32175,8
32176,2
32177,9
32178,3
32179,7
32180,9
32181,1
32182,7
32183,6
32184,7
32185,8
32186,5
32187,9
32188,5
32189,8
32190,7
32191,1
32192,4
32193,1
32194,2
32195,2
32196,0
32197,8
32198,5
32199,9
32200,9
32201,8
32202,6
32203,8
32204,1
32205,4
32206,5
32207,0
32208,4
32209,4
32210,8
32211,4
32212,0
32213,1
32214,4
32215,8
32216,6
32217,9
32218,0
32219,4
32220,9
32221,0
32222,5
32223,1
32224,6
32225,5
32226,8
32227,9
32228,4
32229,4
32230,3
32231,8
32232,4
32233,8
32234,1
32235,3
32236,7
32237,4
32238,6
32239,0
32240,6
32241,0
32242,8
32243,0
32244,6
32245,8
32246,6
32247,5
32248,0
32249,5
32250,6
32251,7
32252,5
32253,2
32254,2
32255,6
32256,4
32257,2
32258,9
32259,4
32260,0
32261,1
32262,0
32263,5
32264,8
32265,0
32266,8
32267,5
32268,9
32269,5
32270,1
32271,2
32272,1
32273,1
32274,0
32275,4
32276,6
32277,3
32278,8
32279,6
32280,4
32281,9
32282,6
32283,2
32284,1
32285,3
32286,0
32287,0
32288,6
32289,7
32290,4
32291,1
32292,0
32293,0
32294,3
32295,0
32296,0
32297,0
32298,4
32299,4
32300,5
32301,0
32302,7
32303,7
32304,9
32305,7
32306,4
32307,7
32308,4
32309,2
32310,4
32311,2
32312,1
32313,4
32314,7
32315,0
32316,2
32317,4
32318,2
32319,2
32320,7
32321,1
32322,4
32323,1
32324,9
32325,8
32326,6
32327,1
32328,8
32329,9
32330,0
32331,0
32332,2
32333,1
32334,7
32335,1
32336,0
32337,0
32338,1
32339,1
32340,2
32341,7
32342,5
32343,1
32344,8
32345,4
32346,8
32347,1
32348,8
32349,9
32350,8
32351,1
32352,9
32353,0
32354,1
32355,1
32356,3
32357,5
32358,0
32359,2
32360,8
32361,7
32362,1
32363,2
32364,4
32365,5
32366,1
32367,4
32368,7
32369,0
32370,8
32371,1
32372,1
32373,0
32374,6
32375,2
32376,4
32377,7
32378,0
32379,1
32380,5
32381,1
32382,3
32383,1
32384,2
32385,0
32386,0
32387,2
32388,5
32389,9
32390,2
32391,4
32392,2
32393,8
32394,0
32395,1
32396,0
32397,7
32398,7
32399,7
32400,0
32401,0
32402,2
32403,0
32404,6
32405,1
32406,1
32407,0
32408,8
32409,5
32410,8
32411,2
32412,9
32413,3
32414,2
32415,2
32416,7
32417,8
32418,2
32419,9
32420,4
32421,7
32422,8
32423,9
32424,6
32425,9
32426,5
32427,8
32428,9
32429,0
32430,1
32431,6
32432,6
32433,9
32434,6
32435,9
32436,8
32437,5
32438,2
32439,0
32440,1
32441,2
32442,2
32443,4
32444,5
32445,5
32446,7
32447,2
32448,8
32449,0
32450,1
32451,7
32452,1
32453,3
32454,7
32455,9
32456,7
32457,7
32458,8
32459,7
32460,4
32461,1
32462,7
32463,1
32464,0
32465,6
32466,4
32467,3
32468,5
32469,2
32470,4
32471,1
32472,7
32473,2
32474,2
32475,4
32476,0
32477,1
32478,8
32479,9
32480,9
32481,6
32482,1
32483,7
32484,2
32485,4
32486,9
32487,5
32488,0
32489,9
32490,9
32491,6
32492,1
32493,4
32494,1
32495,0
32496,9
32497,6
32498,5
32499,8
32500,2
32501,9
32502,9
32503,9
32504,5
32505,3
32506,9
32507,1
32508,5
32509,8
32510,7
32511,1
32512,2
32513,3
32514,8
32515,5
32516,9
32517,1
32518,0
32519,6
32520,8
32521,0
32522,0
32523,4
32524,5
32525,8
32526,2
32527,3
32528,9
32529,6
32530,7
32531,5
32532,8
32533,4
32534,0
32535,8
32536,7
32537,6
32538,1
32539,4
32540,2
32541,1
32542,8
32543,0
32544,5
32545,7
32546,7
32547,1
32548,8
32549,0
32550,7
32551,9
32552,6
32553,5
32554,5
32555,0
32556,3
32557,9
32558,4
32559,0
32560,1
32561,2
32562,1
32563,1
32564,3
32565,4
32566,3
32567,6
32568,9
32569,0
32570,6
32571,7
32572,2
32573,9
32574,8
32575,0
32576,1
32577,8
32578,8
32579,0
32580,6
32581,5
32582,2
32583,3
32584,4
32585,8
32586,6
32587,7
32588,5
32589,1
32590,9
32591,8
32592,6
32593,8
32594,3
32595,8
32596,7
32597,2
32598,1
32599,7
32600,0
32601,7
32602,4
32603,1
32604,9
32605,7
32606,8
32607,9
32608,1
32609,9
32610,1
32611,5
32612,5
32613,8
32614,6
32615,9
32616,1
32617,6
32618,1
32619,6
32620,6
32621,7
32622,1
32623,4
32624,5
32625,4
32626,0
32627,1
32628,9
32629,2
32630,0
32631,1
32632,0
32633,7
32634,9
32635,4
32636,8
32637,1
32638,6
32639,2
32640,6
32641,4
32642,6
32643,3
32644,9
32645,3
32646,0
32647,9
32648,8
32649,8
32650,0
32651,7
32652,1
32653,3
32654,6
32655,5
32656,0
32657,9
32658,4
32659,0
32660,8
32661,1
32662,1
32663,0
32664,9
32665,0
32666,5
32667,4
32668,1
32669,6
32670,9
32671,1
32672,6
32673,5
32674,6
32675,7
32676,5
32677,8
32678,4
32679,8
32680,7
32681,7
32682,2
32683,6
32684,4
32685,4
32686,2
32687,9
32688,4
32689,2
32690,1
32691,1
32692,8
32693,8
32694,5
32695,1
32696,9
32697,5
32698,9
32699,8
32700,3
32701,1
32702,4
32703,1
32704,0
32705,6
32706,8
32707,0
32708,4
32709,6
32710,6
32711,8
32712,4
32713,9
32714,4
32715,7
32716,5
32717,7
32718,7
32719,0
32720,2
32721,7
32722,8
32723,0
32724,1
32725,0
32726,1
32727,2
32728,0
32729,0
32730,8
32731,4
32732,6
32733,0
32734,4
32735,4
32736,1
32737,3
32738,9
32739,1
32740,9
32741,5
32742,5
32743,0
32744,7
32745,5
32746,2
32747,2
32748,1
32749,0
32750,9
32751,8
32752,0
32753,0
32754,2
32755,2
32756,8
32757,0
32758,9
32759,4
32760,0
32761,6
32762,4
32763,1
32764,0
32765,9
32766,2
32767,2
32768,4
32769,7
32770,8
32771,4
32772,8
32773,6
32774,8
32775,5
32776,2
32777,6
32778,8
32779,4
32780,8
32781,1
32782,2
32783,0
32784,2
32785,2
32786,4
32787,7
32788,0
32789,1
32790,4
32791,7
32792,1
32793,2
32794,8
32795,2
32796,7
32797,9
32798,5
32799,5
32800,9
32801,5
32802,7
32803,6
32804,2
32805,8
32806,2
32807,9
32808,7
32809,8
32810,8
32811,0
32812,8
32813,5
32814,7
32815,9
32816,5
32817,9
32818,9
32819,4
32820,3
32821,9
32822,0
32823,6
32824,1
32825,0
32826,5
32827,2
32828,5
32829,1
32830,8
32831,0
32832,4
32833,9
32834,1
32835,1
32836,5
32837,5
32838,5
32839,8
32840,0
32841,6
32842,2
32843,4
32844,2
32845,8
32846,1
32847,3
32848,1
32849,9
32850,2
32851,9
32852,7
32853,6
32854,9
32855,8
32856,0
32857,2
32858,4
32859,9
32860,7
32861,1
32862,6
32863,8
32864,4
32865,0
32866,8
32867,5
32868,9
32869,0
32870,5
32871,4
32872,5
32873,5
32874,4
32875,4
32876,4
32877,5
32878,2
32879,7
32880,4
32881,2
32882,0
32883,0
32884,0
32885,7
32886,9
32887,1
32888,6
32889,8
32890,4
32891,2
32892,5
32893,8
32894,9
32895,9
32896,9
32897,7
32898,7
32899,0
32900,4
32901,1
32902,8
32903,4
32904,0
32905,9
32906,1
32907,5
32908,9
32909,0
32910,4
32911,9
32912,2
32913,9
32914,9
32915,6
32916,4
32917,7
32918,8
32919,6
32920,8
32921,9
32922,6
32923,4
32924,1
32925,7
32926,8
32927,0
32928,0
32929,5
32930,8
32931,4
32932,4
32933,5
32934,4
32935,1
32936,6
32937,6
32938,1
32939,4
32940,2
32941,3
32942,4
32943,7
32944,2
32945,9
32946,2
32947,5
32948,2
32949,4
32950,9
32951,0
32952,6
32953,1
32954,4
32955,3
32956,4
32957,0
32958,9
32959,7
32960,9
32961,8
32962,9
32963,1
32964,5
32965,6
32966,5
32967,5
32968,4
32969,6
32970,2
32971,6
32972,8
32973,2
32974,6
32975,4
32976,7
32977,0
32978,2
32979,2
32980,2
32981,1
32982,5
32983,7
32984,2
32985,9
32986,0
32987,8
32988,2
32989,5
32990,9
32991,6
32992,8
32993,3
32994,6
32995,1
32996,3
32997,1
32998,0
32999,8
33000,4
33001,8
33002,0
33003,5
33004,1
33005,9
33006,2
33007,7
33008,8
33009,8
33010,9
33011,4
33012,6
33013,2
33014,2
33015,7
33016,2
33017,4
33018,3
33019,5
33020,3
33021,5
33022,7
33023,9
33024,7
33025,1
33026,6
33027,2
33028,7
33029,2
33030,5
33031,5
33032,7
33033,4
33034,4
33035,1
33036,7
33037,9
33038,3
33039,2
33040,8
33041,1
33042,8
33043,7
33044,1
33045,8
33046,2
33047,0
33048,6
33049,1
33050,5
33051,7
33052,4
33053,4
33054,5
33055,0
33056,5
33057,8
33058,6
33059,4
33060,1
33061,8
33062,0
33063,1
33064,4
33065,2
33066,9
33067,5
33068,2
33069,1
33070,7
33071,0
33072,1
33073,4
33074,8
33075,8
33076,6
33077,1
33078,4
33079,9
33080,4
33081,0
33082,9
33083,7
33084,1
33085,4
33086,1
33087,4
33088,7
33089,2
33090,1
33091,5
33092,1
33093,2
33094,4
33095,4
33096,5
33097,0
33098,1
33099,4
33100,6
33101,6
33102,5
33103,8
33104,1
33105,8
33106,2
33107,4
33108,3
33109,2
33110,1
33111,9
33112,6
33113,1
33114,4
33115,4
33116,2
33117,5
33118,0
33119,0
33120,3
33121,4
33122,7
33123,9
33124,9
33125,0
33126,4
33127,6
33128,4
33129,0
33130,2
33131,5
33132,9
33133,9
33134,1
33135,8
33136,0
33137,8
33138,9
33139,5
33140,5
33141,4
33142,6
33143,2
33144,5
33145,1
33146,6
33147,1
33148,3
33149,8
33150,5
33151,5
33152,4
33153,5
33154,9
33155,8
33156,6
33157,7
33158,0
33159,8
33160,3
33161,9
33162,6
33163,5
33164,9
33165,9
33166,6
33167,9
33168,0
33169,5
33170,1
33171,6
33172,9
33173,8
33174,5
33175,2
33176,1
33177,7
33178,3
33179,9
33180,4
33181,7
33182,2
33183,3
33184,8
33185,1
33186,7
33187,6
33188,9
33189,8
33190,8
33191,7
33192,4
33193,7
33194,3
33195,1
33196,6
33197,8
33198,5
33199,8
33200,1
33201,4
33202,7
33203,7
33204,7
33205,0
33206,7
33207,8
33208,1
33209,6
33210,2
33211,7
33212,9
33213,2
33214,9
33215,2
33216,2
33217,4
33218,8
33219,2
33220,5
33221,3
33222,1
33223,2
33224,2
33225,7
33226,7
33227,8
33228,9
33229,4
33230,6
33231,4
33232,7
33233,5
33234,6
33235,8
33236,1
33237,6
33238,6
33239,5
33240,8
33241,2
33242,6
33243,9
33244,4
33245,0
33246,5
33247,7
33248,0
33249,2
33250,4
33251,9
33252,9
33253,1
33254,6
33255,5
33256,4
33257,9
33258,3
33259,0
33260,6
33261,1
33262,2
33263,3
33264,4
33265,3
33266,9
33267,2
33268,8
33269,9
33270,2
33271,5
33272,9
33273,6
33274,9
33275,1
33276,7
33277,4
33278,1
33279,1
33280,9
33281,4
33282,9
33283,8
33284,0
33285,8
33286,0
33287,6
33288,4
33289,0
33290,4
33291,8
33292,0
33293,4
33294,1
33295,4
33296,2
33297,0
33298,1
33299,2
33300,6
33301,8
33302,8
33303,5
33304,1
33305,6
33306,1
33307,8
33308,0
33309,6
33310,5
33311,5
33312,7
33313,9
33314,1
33315,0
33316,0
33317,7
33318,9
33319,6
33320,0
33321,5
33322,8
33323,0
33324,9
33325,5
33326,9
33327,3
33328,7
33329,1
33330,6
33331,2
33332,5
33333,8
33334,4
33335,2
33336,7
33337,3
33338,4
33339,7
33340,0
33341,1
33342,6
33343,7
33344,7
33345,1
33346,2
33347,6
33348,1
33349,2
33350,8
33351,5
33352,4
33353,0
33354,1
33355,0
33356,9
33357,0
33358,9
33359,4
33360,0
33361,0
33362,7
33363,7
33364,5
33365,6
33366,8
33367,2
33368,5
33369,8
33370,3
33371,2
33372,8
33373,4
33374,1
33375,9
33376,0
33377,1
33378,4
33379,8
33380,9
33381,4
33382,1
33383,9
33384,2
33385,9
33386,7
33387,6
33388,5
33389,5
33390,1
33391,5
33392,8
33393,3
33394,8
33395,7
33396,1
33397,3
33398,9
33399,8
33400,6
33401,4
33402,2
33403,9
33404,1
33405,9
33406,3
33407,6
33408,9
33409,4
33410,7
33411,0
33412,8
33413,3
33414,2
33415,5
33416,6
33417,4
33418,1
33419,9
33420,8
33421,5
33422,1
33423,9
33424,1
33425,4
33426,1
33427,4
33428,4
33429,9
33430,5
33431,5
33432,1
33433,1
33434,1
33435,8
33436,4
33437,2
33438,9
33439,5
33440,1
33441,6
33442,1
33443,8
33444,8
33445,1
33446,9
33447,5
33448,4
33449,5
33450,1
33451,8
33452,1
33453,7
33454,4
33455,5
33456,9
33457,4
33458,1
33459,0
33460,7
33461,5
33462,1
33463,2
33464,1
33465,1
33466,0
33467,1
33468,6
33469,9
33470,7
33471,2
33472,3
33473,2
33474,1
33475,5
33476,4
33477,6
33478,1
33479,1
33480,6
33481,9
33482,8
33483,3
33484,4
33485,7
33486,5
33487,0
33488,9
33489,4
33490,9
33491,4
33492,2
33493,9
33494,9
33495,0
33496,2
33497,5
33498,9
33499,2
33500,9
33501,8
33502,7
33503,1
33504,4
33505,8
33506,0
33507,7
33508,3
33509,8
33510,0
33511,8
33512,5
33513,0
33514,2
33515,6
33516,8
33517,2
33518,0
33519,7
33520,8
33521,2
33522,2
33523,6
33524,6
33525,8
33526,6
33527,6
33528,9
33529,2
33530,1
33531,4
33532,6
33533,1
33534,8
33535,5
33536,2
33537,2
33538,5
33539,7
33540,5
33541,9
33542,4
33543,1
33544,4
33545,1
33546,2
33547,9
33548,6
33549,9
33550,4
33551,8
33552,9
33553,6
33554,1
33555,9
33556,8
33557,2
33558,2
33559,0
33560,8
33561,6
33562,4
33563,5
33564,0
33565,6
33566,9
33567,5
33568,1
33569,4
33570,8
33571,9
33572,3
33573,8
33574,1
33575,4
33576,0
33577,7
33578,6
33579,5
33580,4
33581,1
33582,9
33583,8
33584,1
33585,0
33586,5
33587,1
33588,6
33589,7
33590,7
33591,9
33592,9
33593,8
33594,6
33595,1
33596,8
33597,5
33598,2
33599,1
33600,9
33601,5
33602,0
33603,7
33604,7
33605,1
33606,2
33607,0
33608,7
33609,6
33610,0
33611,4
33612,1
33613,4
33614,6
33615,4
33616,5
33617,0
33618,1
33619,0
33620,3
33621,1
33622,4
33623,0
33624,4
33625,9
33626,2
33627,2
33628,2
33629,8
33630,9
33631,1
33632,9
33633,7
33634,8
33635,2
33636,1
33637,4
33638,1
33639,9
33640,3
33641,0
33642,1
33643,8
33644,7
33645,9
33646,9
33647,4
33648,6
33649,4
33650,1
33651,1
33652,6
33653,2
33654,9
33655,5
33656,7
33657,9
33658,7
33659,0
33660,9
33661,8
33662,0
33663,6
33664,4
33665,4
33666,9
33667,8
33668,5
33669,5
33670,9
33671,0
33672,8
33673,4
33674,5
33675,9
33676,6
33677,3
33678,4
33679,9
33680,7
33681,7
33682,7
33683,1
33684,5
33685,0
33686,4
33687,8
33688,0
33689,6
33690,6
33691,4
33692,1
33693,7
33694,7
33695,9
33696,8
33697,2
33698,9
33699,4
33700,7
33701,5
33702,8
33703,6
33704,4
33705,6
33706,7
33707,0
33708,7
33709,9
33710,4
33711,0
33712,4
33713,7
33714,4
33715,0
33716,7
33717,1
33718,1
33719,7
33720,9
33721,8
33722,0
33723,5
33724,8
33725,7
33726,8
33727,1
33728,7
33729,9
33730,4
33731,3
33732,0
33733,8
33734,1
33735,5
33736,0
33737,7
33738,9
33739,5
33740,3
33741,0
33742,2
33743,4
33744,6
33745,7
33746,6
33747,8
33748,6
33749,9
33750,6
33751,2
33752,9
33753,1
33754,0
33755,5
33756,4
33757,5
33758,8
33759,6
33760,3
33761,1
33762,6
33763,8
33764,7
33765,7
33766,5
33767,8
33768,8
33769,5
33770,0
33771,0
33772,6
33773,9
33774,1
33775,8
33776,2
33777,9
33778,4
33779,9
33780,0
33781,6
33782,4
33783,6
33784,6
33785,8
33786,0
33787,3
33788,4
33789,1
33790,9
33791,5
33792,5
33793,0
33794,2
33795,2
33796,6
33797,6
33798,1
33799,7
33800,8
33801,0
33802,1
33803,0
33804,7
33805,7
33806,8
33807,0
33808,0
33809,8
33810,4
33811,7
33812,2
33813,4
33814,3
33815,8
33816,6
33817,9
33818,1
33819,0
33820,5
33821,6
33822,5
33823,2
33824,1
33825,9
33826,4
33827,7
33828,4
33829,1
33830,0
33831,1
33832,5
33833,1
33834,9
33835,4
33836,6
33837,9
33838,7
33839,1
33840,4
33841,9
33842,2
33843,2
33844,9
33845,1
33846,6
33847,1
33848,3
33849,1
33850,0
33851,4
33852,9
33853,9
33854,6
33855,7
33856,1
33857,7
33858,4
33859,7
33860,8
33861,9
33862,6
33863,4
33864,2
33865,0
33866,8
33867,7
33868,1
33869,1
33870,3
33871,4
33872,4
33873,1
33874,0
33875,9
33876,7
33877,9
33878,4
33879,1
33880,2
33881,4
33882,9
33883,7
33884,1
33885,6
33886,9
33887,7
33888,8
33889,2
33890,5
33891,9
33892,6
33893,7
33894,3
33895,8
33896,1
33897,9
33898,0
33899,0
33900,0
33901,4
33902,4
33903,7
33904,1
33905,8
33906,3
33907,2
33908,1
33909,4
33910,9
33911,4
33912,6
33913,5
33914,3
33915,6
33916,8
33917,4
33918,9
33919,3
33920,1
33921,7
33922,0
33923,0
33924,2
33925,6
33926,2
33927,4
33928,0
33929,5
33930,5
33931,2
33932,4
33933,5
33934,6
33935,9
33936,9
33937,2
33938,6
33939,0
33940,1
33941,3
33942,0
33943,4
33944,1
33945,9
33946,8
33947,7
33948,2
33949,8
33950,9
33951,3
33952,0
33953,4
33954,8
33955,4
33956,9
33957,2
33958,7
33959,1
33960,2
33961,6
33962,0
33963,9
33964,5
33965,2
33966,1
33967,5
33968,3
33969,2
33970,6
33971,3
33972,5
33973,1
33974,3
33975,7
33976,5
33977,2
33978,9
33979,8
33980,9
33981,7
33982,6
33983,4
33984,8
33985,9
33986,6
33987,7
33988,6
33989,2
33990,9
33991,8
33992,7
33993,9
33994,6
33995,2
33996,8
33997,0
33998,7
33999,0
34000,2
34001,6
34002,6
34003,9
34004,0
34005,5
34006,6
34007,1
34008,1
34009,6
34010,4
34011,3
34012,3
34013,6
34014,4
34015,8
34016,1
34017,6
34018,3
34019,0
34020,5
34021,4
34022,8
34023,1
34024,4
34025,1
34026,9
34027,9
34028,9
34029,3
34030,0
34031,4
34032,6
34033,5
34034,2
34035,6
34036,5
34037,0
34038,7
34039,0
34040,8
34041,5
34042,9
34043,0
34044,1
34045,5
34046,5
34047,1
34048,8
34049,0
34050,8
34051,7
34052,2
34053,1
34054,0
34055,3
34056,1
34057,4
34058,8
34059,1
34060,6
34061,5
34062,4
34063,2
34064,0
34065,7
34066,7
34067,4
34068,7
34069,1
34070,6
34071,8
34072,1
34073,0
34074,8
34075,7
34076,1
34077,8
34078,9
34079,9
34080,0
34081,5
34082,8
34083,8
34084,4
34085,1
34086,1
34087,7
34088,6
34089,8
34090,4
34091,9
34092,4
34093,5
34094,9
34095,8
34096,7
34097,0
34098,2
34099,9
34100,2
34101,9
34102,4
34103,7
34104,4
34105,3
34106,9
34107,9
34108,1
34109,2
34110,2
34111,0
34112,8
34113,5
34114,6
34115,2
34116,1
34117,4
34118,7
34119,8
34120,5
34121,8
34122,8
34123,4
34124,8
34125,2
34126,5
34127,2
34128,5
34129,8
34130,2
34131,0
34132,2
34133,7
34134,3
34135,1
34136,0
34137,9
34138,8
34139,6
34140,7
34141,5
34142,2
34143,4
34144,7
34145,2
34146,5
34147,1
34148,0
34149,0
34150,3
34151,0
34152,8
34153,9
34154,0
34155,8
34156,1
34157,9
34158,4
34159,2
34160,2
34161,2
34162,3
34163,0
34164,4
34165,0
34166,4
34167,5
34168,9
34169,2
34170,1
34171,9
34172,9
34173,9
34174,8
34175,5
34176,2
34177,4
34178,5
34179,1
34180,0
34181,9
34182,0
34183,7
34184,6
34185,7
34186,3
34187,1
34188,0
34189,1
34190,9
34191,7
34192,9
34193,5
34194,3
34195,1
34196,0
34197,1
34198,3
34199,7
34200,2
34201,9
34202,8
34203,5
34204,6
34205,1
34206,3
34207,6
34208,2
34209,2
34210,7
34211,6
34212,4
34213,7
34214,8
34215,0
34216,0
34217,4
34218,1
34219,5
34220,6
34221,2
34222,5
34223,9
34224,4
34225,7
34226,1
34227,8
34228,9
34229,9
34230,9
34231,4
34232,5
34233,9
34234,3
34235,2
34236,0
34237,9
34238,3
34239,6
34240,9
34241,6
34242,6
34243,5
34244,1
34245,6
34246,9
34247,1
34248,5
34249,9
34250,7
34251,9
34252,4
34253,1
34254,7
34255,6
34256,5
34257,2
34258,4
34259,1
34260,1
34261,4
34262,8
34263,0
34264,8
34265,9
34266,9
34267,5
34268,0
34269,4
34270,5
34271,6
34272,8
34273,5
34274,1
34275,0
34276,1
34277,8
34278,2
34279,1
34280,5
34281,2
34282,1
34283,9
34284,2
34285,5
34286,4
34287,1
34288,4
34289,0
34290,4
34291,8
34292,0
34293,0
34294,6
34295,9
34296,9
34297,2
34298,7
34299,2
34300,9
34301,9
34302,1
34303,8
34304,1
34305,8
34306,8
34307,9
34308,7
34309,0
34310,2
34311,5
34312,6
34313,1
34314,6
34315,6
34316,7
34317,9
34318,9
34319,9
34320,8
34321,3
34322,1
34323,5
34324,6
34325,6
34326,1
34327,9
34328,1
34329,9
34330,6
34331,2
34332,1
34333,6
34334,1
34335,6
34336,5
34337,4
34338,9
34339,6
34340,9
34341,4
34342,1
34343,2
34344,4
34345,6
34346,7
34347,8
34348,7
34349,3
34350,9
34351,5
34352,0
34353,1
34354,4
34355,4
34356,1
34357,8
34358,2
34359,5
34360,8
34361,2
34362,6
34363,7
34364,9
34365,5
34366,9
34367,7
34368,0
34369,4
34370,2
34371,2
34372,7
34373,9
34374,9
34375,7
34376,1
34377,3
34378,1
34379,7
34380,5
34381,5
34382,4
34383,1
34384,4
34385,2
34386,2
34387,1
34388,1
34389,4
34390,2
34391,7
34392,2
34393,1
34394,8
34395,7
34396,9
34397,1
34398,4
34399,2
34400,0
34401,1
34402,8
34403,0
34404,2
34405,5
34406,8
34407,0
34408,7
34409,6
34410,9
34411,5
34412,4
34413,7
34414,0
34415,2
34416,9
34417,2
34418,2
34419,1
34420,9
34421,4
34422,4
34423,9
34424,9
34425,0
34426,9
34427,4
34428,1
34429,1
34430,9
34431,1
34432,8
34433,5
34434,2
34435,1
34436,9
34437,9
34438,5
34439,0
34440,4
34441,8
34442,1
34443,9
34444,6
34445,9
34446,8
34447,9
34448,1
34449,4
34450,8
34451,4
34452,2
34453,0
34454,6
34455,5
34456,1
34457,4
34458,4
34459,4
34460,7
34461,5
34462,6
34463,9
34464,8
34465,8
34466,7
34467,9
34468,6
34469,9
34470,2
34471,0
34472,0
34473,7
34474,4
34475,6
34476,2
34477,4
34478,6
34479,5
34480,9
34481,2
34482,4
34483,0
34484,4
34485,5
34486,6
34487,0
34488,9
34489,1
34490,6
34491,1
34492,9
34493,2
34494,8
34495,8
34496,8
34497,4
34498,6
34499,8
34500,3
34501,8
34502,1
34503,4
34504,6
34505,7
34506,6
34507,7
34508,2
34509,1
34510,0
34511,5
34512,2
34513,0
34514,0
34515,1
34516,8
34517,6
34518,3
34519,7
34520,2
34521,7
34522,8
34523,2
34524,8
34525,2
34526,7
34527,4
34528,7
34529,7
34530,6
34531,8
34532,8
34533,8
34534,2
34535,1
34536,5
34537,8
34538,5
34539,0
34540,4
34541,4
34542,9
34543,4
34544,6
34545,2
34546,2
34547,4
34548,3
34549,2
34550,4
34551,1
34552,6
34553,4
34554,0
34555,7
34556,7
34557,1
34558,1
34559,2
34560,0
34561,1
34562,8
34563,1
34564,9
34565,0
34566,5
34567,8
34568,8
34569,0
34570,4
34571,7
34572,8
34573,4
34574,8
34575,7
34576,1
34577,0
34578,7
34579,9
34580,5
34581,4
34582,3
34583,7
34584,4
34585,5
34586,4
34587,5
34588,6
34589,7
34590,9
34591,5
34592,2
34593,6
34594,7
34595,0
34596,8
34597,1
34598,4
34599,9
34600,0
34601,8
34602,2
34603,2
34604,7
34605,2
34606,2
34607,4
34608,2
34609,9
34610,4
34611,9
34612,9
34613,9
34614,0
34615,7
34616,0
34617,4
34618,0
34619,6
34620,0
34621,9
34622,2
34623,9
34624,1
34625,1
34626,5
34627,5
34628,1
34629,6
34630,0
34631,8
34632,9
34633,1
34634,8
34635,6
34636,8
34637,1
34638,1
34639,6
34640,1
34641,8
34642,9
34643,2
34644,5
34645,7
34646,0
34647,9
34648,8
34649,4
34650,7
34651,7
34652,0
34653,7
34654,9
34655,2
34656,7
34657,1
34658,0
34659,7
34660,5
34661,6
34662,6
34663,9
34664,6
34665,8
34666,4
34667,8
34668,4
34669,9
34670,4
34671,7
34672,4
34673,4
34674,0
34675,6
34676,2
34677,1
34678,2
34679,6
34680,8
34681,8
34682,7
34683,3
34684,8
34685,7
34686,8
34687,3
34688,1
34689,9
34690,2
34691,2
34692,9
34693,1
34694,8
34695,2
34696,1
34697,2
34698,1
34699,8
34700,7
34701,6
34702,5
34703,1
34704,0
34705,6
34706,6
34707,4
34708,2
34709,8
34710,2
34711,0
34712,2
34713,1
34714,0
34715,6
34716,6
34717,8
34718,6
34719,1
34720,0
34721,0
34722,7
34723,4
34724,5
34725,9
34726,8
34727,9
34728,9
34729,4
34730,0
34731,4
34732,5
34733,0
34734,8
34735,0
34736,1
34737,6
34738,1
34739,1
34740,8
34741,7
34742,8
34743,8
34744,1
34745,1
34746,8
34747,0
34748,8
34749,4
34750,9
34751,0
34752,6
34753,0
34754,9
34755,7
34756,8
34757,4
34758,7
34759,6
34760,8
34761,7
34762,7
34763,7
34764,0
34765,4
34766,2
34767,1
34768,2
34769,7
34770,9
34771,9
34772,1
34773,8
34774,5
34775,9
34776,2
34777,8
34778,9
34779,7
34780,2
34781,4
34782,9
34783,7
34784,7
34785,1
34786,7
34787,0
34788,4
34789,8
34790,9
34791,6
34792,9
34793,6
34794,1
34795,9
34796,8
34797,5
34798,4
34799,0
34800,1
34801,1
34802,9
34803,2
34804,0
34805,1
34806,0
34807,5
34808,4
34809,1
34810,7
34811,0
34812,9
34813,1
34814,8
34815,2
34816,8
34817,0
34818,9
34819,5
34820,0
34821,9
34822,8
34823,9
34824,7
34825,2
34826,1
34827,4
34828,4
34829,9
34830,1
34831,1
34832,8
34833,9
34834,9
34835,1
34836,6
34837,6
34838,5
34839,9
34840,9
34841,4
34842,5
34843,4
34844,2
34845,9
34846,6
34847,0
34848,0
34849,4
34850,4
34851,1
34852,1
34853,7
34854,4
34855,9
34856,7
34857,0
34858,2
34859,1
34860,6
34861,1
34862,7
34863,8
34864,7
34865,6
34866,6
34867,5
34868,7
34869,0
34870,7
34871,7
34872,0
34873,2
34874,0
34875,4
34876,6
34877,6
34878,5
34879,6
34880,1
34881,8
34882,7
34883,1
34884,7
34885,2
34886,7
34887,2
34888,3
34889,0
34890,7
34891,4
34892,6
34893,1
34894,7
34895,1
34896,9
34897,8
34898,7
34899,4
34900,8
34901,9
34902,1
34903,7
34904,6
34905,9
34906,9
34907,6
34908,0
34909,6
34910,4
34911,7
34912,8
34913,7
34914,7
34915,6
34916,2
34917,0
34918,7
34919,6
34920,5
34921,8
34922,7
34923,8
34924,4
34925,1
34926,8
34927,3
34928,0
34929,2
34930,1
34931,8
34932,8
34933,9
34934,4
34935,1
34936,7
34937,4
34938,8
34939,1
34940,5
34941,9
34942,1
34943,2
34944,9
34945,4
34946,3
34947,0
34948,5
34949,9
34950,8
34951,2
34952,1
34953,1
34954,0
34955,8
34956,7
34957,2
34958,4
34959,4
34960,4
34961,7
34962,0
34963,2
34964,7
34965,0
34966,8
34967,9
34968,1
34969,4
34970,2
34971,0
34972,2
34973,3
34974,8
34975,7
34976,5
34977,6
34978,8
34979,5
34980,2
34981,9
34982,0
34983,0
34984,8
34985,6
34986,5
34987,5
34988,9
34989,6
34990,9
34991,1
34992,9
34993,2
34994,2
34995,2
34996,2
34997,8
34998,1
34999,9
35000,9
35001,6
35002,4
35003,3
35004,4
35005,2
35006,4
35007,9
35008,9
35009,6
35010,7
35011,6
35012,7
35013,1
35014,3
35015,6
35016,0
35017,4
35018,5
35019,6
35020,7
35021,6
35022,9
35023,6
35024,1
35025,7
35026,6
35027,6
35028,6
35029,7
35030,9
35031,1
35032,5
35033,4
35034,6
35035,7
35036,1
35037,1
35038,9
35039,9
35040,9
35041,4
35042,8
35043,5
35044,5
35045,1
35046,0
35047,5
35048,1
35049,0
35050,8
35051,1
35052,2
35053,4
35054,1
35055,4
35056,1
35057,8
35058,4
35059,6
35060,4
35061,0
35062,4
35063,4
35064,5
35065,5
35066,6
35067,6
35068,2
35069,4
35070,4
35071,4
35072,0
35073,1
35074,9
35075,4
35076,2
35077,7
35078,0
35079,7
35080,1
35081,8
35082,1
35083,5
35084,6
35085,7
35086,9
35087,0
35088,0
35089,2
35090,8
35091,5
35092,4
35093,4
35094,4
35095,8
35096,6
35097,9
35098,9
35099,4
35100,8
35101,5
35102,4
35103,4
35104,7
35105,4
35106,9
35107,1
35108,0
35109,1
35110,5
35111,3
35112,9
35113,9
35114,8
35115,0
35116,7
35117,1
35118,2
35119,1
35120,5
35121,2
35122,7
35123,8
35124,6
35125,5
35126,0
35127,1
35128,0
35129,8
35130,5
35131,6
35132,0
35133,4
35134,4
35135,1
35136,7
35137,4
35138,8
35139,3
35140,0
35141,1
35142,1
35143,8
35144,0
35145,6
35146,9
35147,6
35148,6
35149,8
35150,8
35151,1
35152,3
35153,1
35154,7
35155,0
35156,1
35157,7
35158,7
35159,1
35160,9
35161,7
35162,1
35163,5
35164,5
35165,1
35166,9
35167,0
35168,9
35169,7
35170,4
35171,8
35172,9
35173,5
35174,0
35175,4
35176,5
35177,6
35178,7
35179,1
35180,6
35181,4
35182,6
35183,1
35184,2
35185,5
35186,8
35187,9
35188,6
35189,6
35190,7
35191,4
35192,4
35193,1
35194,6
35195,7
35196,3
35197,4
35198,1
35199,2
35200,1
35201,9
35202,4
35203,9
35204,6
35205,4
35206,2
35207,2
35208,4
35209,5
35210,7
35211,7
35212,4
35213,4
35214,5
35215,6
35216,7
35217,3
35218,0
35219,7
35220,9
35221,9
35222,6
35223,7
35224,0
35225,1
35226,8
35227,9
35228,4
35229,6
35230,4
35231,8
35232,2
35233,9
35234,1
35235,9
35236,4
35237,9
35238,0
35239,9
35240,0
35241,5
35242,8
35243,9
35244,0
35245,7
35246,7
35247,7
35248,4
35249,5
35250,6
35251,8
35252,0
35253,6
35254,7
35255,8
35256,8
35257,2
35258,0
35259,0
35260,1
35261,5
35262,7
35263,9
35264,6
35265,5
35266,8
35267,7
35268,8
35269,4
35270,9
35271,7
35272,1
35273,4
35274,5
35275,5
35276,8
35277,6
35278,7
35279,7
35280,1
35281,6
35282,7
35283,7
35284,9
35285,8
35286,4
35287,3
35288,9
35289,0
35290,0
35291,8
35292,5
35293,5
35294,1
35295,6
35296,2
35297,9
35298,9
35299,5
35300,9
35301,5
35302,5
35303,2
35304,6
35305,0
35306,0
35307,4
35308,1
35309,7
35310,9
35311,5
35312,8
35313,5
35314,5
35315,6
35316,1
35317,2
35318,7
35319,8
35320,2
35321,2
35322,1
35323,9
35324,5
35325,5
35326,6
35327,6
35328,1
35329,1
35330,0
35331,7
35332,9
35333,8
35334,2
35335,4
35336,5
35337,1
35338,8
35339,6
35340,2
35341,6
35342,6
35343,7
35344,1
35345,1
35346,7
35347,2
35348,1
35349,7
35350,2
35351,0
35352,1
35353,7
35354,5
35355,6
35356,7
35357,7
35358,4
35359,8
35360,7
35361,0
35362,6
35363,6
35364,2
35365,8
35366,8
35367,4
35368,7
35369,4
35370,1
35371,5
35372,5
35373,8
35374,6
35375,6
35376,6
35377,6
35378,4
35379,8
35380,0
35381,0
35382,4
35383,2
35384,6
35385,1
35386,9
35387,5
35388,8
35389,7
35390,9
35391,9
35392,9
35393,7
35394,8
35395,8
35396,9
35397,7
35398,1
35399,7
35400,6
35401,7
35402,9
35403,1
35404,1
35405,9
35406,2
35407,2
35408,0
35409,9
35410,2
35411,0
35412,9
35413,9
35414,8
35415,6
35416,1
35417,4
35418,9
35419,0
35420,1
35421,0
35422,0
35423,8
35424,1
35425,1
35426,1
35427,5
35428,0
35429,1
35430,4
35431,4
35432,1
35433,4
35434,7
35435,6
35436,6
35437,5
35438,9
35439,0
35440,9
35441,0
35442,9
35443,9
35444,6
35445,7
35446,1
35447,0
35448,4
35449,5
35450,1
35451,2
35452,7
35453,7
35454,4
35455,9
35456,8
35457,6
35458,7
35459,9
35460,4
35461,5
35462,9
35463,2
35464,6
35465,4
35466,0
35467,6
35468,0
35469,8
35470,5
35471,8
35472,7
35473,0
35474,0
35475,5
35476,9
35477,1
35478,5
35479,2
35480,8
35481,2
35482,7
35483,2
35484,7
35485,7
35486,0
35487,1
35488,5
35489,4
35490,4
35491,0
35492,9
35493,1
35494,3
35495,9
35496,1
35497,7
35498,2
35499,7
35500,2
35501,7
35502,3
35503,0
35504,0
35505,1
35506,8
35507,5
35508,8
35509,0
35510,1
35511,8
35512,6
35513,1
35514,1
35515,9
35516,4
35517,5
35518,4
35519,4
35520,1
35521,5
35522,4
35523,6
35524,4
35525,4
35526,2
35527,1
35528,1
35529,7
35530,8
35531,6
35532,1
35533,0
35534,9
35535,7
35536,0
35537,6
35538,2
35539,0
35540,4
35541,1
35542,8
35543,0
35544,7
35545,6
35546,6
35547,2
35548,5
35549,6
35550,5
35551,0
35552,0
35553,8
35554,4
35555,2
35556,6
35557,7
35558,0
35559,0
35560,6
35561,1
35562,8
35563,2
35564,7
35565,1
35566,0
35567,9
35568,0
35569,4
35570,6
35571,5
35572,6
35573,9
35574,5
35575,2
35576,5
35577,1
35578,5
35579,2
35580,9
35581,9
35582,5
35583,1
35584,1
35585,5
35586,6
35587,8
35588,6
35589,0
35590,7
35591,9
35592,2
35593,4
35594,5
35595,6
35596,2
35597,9
35598,4
35599,2
35600,3
35601,1
35602,6
35603,4
35604,3
35605,4
35606,9
35607,6
35608,4
35609,9
35610,1
35611,8
35612,6
35613,5
35614,9
35615,8
35616,8
35617,4
35618,2
35619,6
35620,4
35621,8
35622,4
35623,5
35624,5
35625,4
35626,6
35627,7
35628,2
35629,1
35630,5
35631,6
35632,4
35633,9
35634,4
35635,3
35636,6
35637,4
35638,9
35639,3
35640,0
35641,7
35642,5
35643,6
35644,5
35645,0
35646,8
35647,5
35648,1
35649,5
35650,4
35651,0
35652,2
35653,6
35654,2
35655,5
35656,7
35657,4
35658,0
35659,4
35660,4
35661,4
35662,0
35663,4
35664,8
35665,1
35666,4
35667,9
35668,4
35669,6
35670,0
35671,0
35672,0
35673,5
35674,7
35675,5
35676,7
35677,5
35678,6
35679,6
35680,1
35681,9
35682,4
35683,6
35684,0
35685,9
35686,1
35687,5
35688,7
35689,9
35690,7
35691,8
35692,7
35693,4
35694,9
35695,2
35696,4
35697,6
35698,1
35699,2
35700,9
35701,8
35702,6
35703,6
35704,4
35705,3
35706,5
35707,0
35708,0
35709,2
35710,0
35711,0
35712,8
35713,8
35714,5
35715,7
35716,2
35717,8
35718,9
35719,8
35720,4
35721,7
35722,7
35723,2
35724,5
35725,9
35726,1
35727,0
35728,8
35729,5
35730,7
35731,6
35732,4
35733,1
35734,1
35735,9
35736,6
35737,8
35738,6
35739,7
35740,3
35741,0
35742,2
35743,7
35744,9
35745,8
35746,7
35747,7
35748,5
35749,1
35750,4
35751,9
35752,4
35753,3
35754,0
35755,7
35756,9
35757,9
35758,6
35759,4
35760,0
35761,1
35762,8
35763,1
35764,5
35765,9
35766,2
35767,1
35768,7
35769,9
35770,2
35771,1
35772,0
35773,1
35774,0
35775,9
35776,4
35777,4
35778,9
35779,8
35780,6
35781,5
35782,1
35783,4
35784,6
35785,6
35786,6
35787,9
35788,9
35789,8
35790,5
35791,6
35792,5
35793,4
35794,7
35795,3
35796,3
35797,0
35798,4
35799,8
35800,0
35801,1
35802,2
35803,8
35804,4
35805,1
35806,1
35807,8
35808,2
35809,9
35810,4
35811,4
35812,0
35813,7
35814,1
35815,7
35816,1
35817,0
35818,6
35819,8
35820,7
35821,9
35822,7
35823,6
35824,0
35825,9
35826,8
35827,8
35828,8
35829,1
35830,0
35831,9
35832,2
35833,8
35834,1
35835,2
35836,9
35837,9
35838,4
35839,2
35840,0
35841,4
35842,2
35843,3
35844,8
35845,8
35846,7
35847,8
35848,5
35849,7
35850,7
35851,1
35852,8
35853,8
35854,6
35855,2
35856,1
35857,2
35858,8
35859,7
35860,6
35861,8
35862,1
35863,9
35864,5
35865,7
35866,6
35867,8
35868,1
35869,3
35870,7
35871,9
35872,2
35873,1
35874,0
35875,5
35876,0
35877,8
35878,5
35879,4
35880,5
35881,8
35882,9
35883,7
35884,9
35885,2
35886,4
35887,7
35888,6
35889,0
35890,5
35891,1
35892,9
35893,5
35894,1
35895,8
35896,2
35897,9
35898,1
35899,6
35900,6
35901,8
35902,5
35903,8
35904,2
35905,9
35906,5
35907,0
35908,6
35909,9
35910,4
35911,1
35912,0
35913,9
35914,4
35915,0
35916,7
35917,9
35918,2
35919,7
35920,9
35921,4
35922,4
35923,6
35924,7
35925,8
35926,1
35927,5
35928,2
35929,8
35930,6
35931,7
35932,0
35933,5
35934,8
35935,7
35936,1
35937,1
35938,9
35939,9
35940,7
35941,0
35942,9
35943,7
35944,4
35945,6
35946,4
35947,3
35948,6
35949,0
35950,1
35951,4
35952,2
35953,4
35954,7
35955,7
35956,7
35957,7
35958,0
35959,4
35960,2
35961,9
35962,6
35963,9
35964,0
35965,3
35966,4
35967,9
35968,0
35969,6
35970,4
35971,4
35972,1
35973,8
35974,2
35975,0
35976,7
35977,6
35978,0
35979,9
35980,9
35981,6
35982,0
35983,3
35984,6
35985,9
35986,1
35987,4
35988,2
35989,4
35990,1
35991,9
35992,9
35993,7
35994,5
35995,0
35996,7
35997,8
35998,1
35999,0
36000,1
36001,0
36002,6
36003,9
36004,5
36005,0
36006,7
36007,6
36008,8
36009,0
36010,8
36011,2
36012,8
36013,9
36014,9
36015,9
36016,7
36017,4
36018,5
36019,1
36020,9
36021,4
36022,8
36023,9
36024,9
36025,2
36026,1
36027,4
36028,7
36029,2
36030,2
36031,2
36032,9
36033,6
36034,8
36035,6
36036,1
36037,2
36038,1
36039,4
36040,0
36041,6
36042,9
36043,6
36044,9
36045,0
36046,6
36047,9
36048,8
36049,5
36050,8
36051,1
36052,1
36053,3
36054,7
36055,4
36056,7
36057,8
36058,6
36059,9
36060,1
36061,4
36062,3
36063,4
36064,6
36065,6
36066,7
36067,6
36068,4
36069,7
36070,9
36071,1
36072,1
36073,8
36074,4
36075,4
36076,7
36077,2
36078,5
36079,1
36080,4
36081,8
36082,8
36083,9
36084,3
36085,6
36086,7
36087,6
36088,6
36089,7
36090,2
36091,3
36092,4
36093,7
36094,9
36095,5
36096,6
36097,6
36098,2
36099,0
36100,2
36101,6
36102,5
36103,0
36104,5
36105,4
36106,8
36107,6
36108,7
36109,0
36110,6
36111,4
36112,9
36113,7
36114,7
36115,7
36116,0
36117,0
36118,2
36119,5
36120,7
36121,6
36122,0
36123,0
36124,0
36125,9
36126,5
36127,6
36128,1
36129,0
36130,2
36131,6
36132,4
36133,6
36134,1
36135,7
36136,5
36137,1
36138,4
36139,8
36140,5
36141,1
36142,1
36143,7
36144,6
36145,1
36146,9
36147,5
36148,9
36149,8
36150,4
36151,4
36152,8
36153,2
36154,9
36155,0
36156,0
36157,1
36158,8
36159,3
36160,9
36161,7
36162,3
36163,3
36164,1
36165,7
36166,7
36167,6
36168,9
36169,1
36170,4
36171,2
36172,4
36173,1
36174,9
36175,1
36176,9
36177,4
36178,7
36179,6
36180,5
36181,4
36182,1
36183,5
36184,6
36185,5
36186,9
36187,6
36188,8
36189,8
36190,5
36191,0
36192,9
36193,7
36194,7
36195,8
36196,8
36197,0
36198,1
36199,4
36200,1
36201,0
36202,6
36203,9
36204,1
36205,0
36206,4
36207,8
36208,8
36209,7
36210,0
36211,0
36212,9
36213,4
36214,9
36215,7
36216,2
36217,8
36218,7
36219,9
36220,9
36221,9
36222,1
36223,6
36224,2
36225,0
36226,4
36227,8
36228,0
36229,4
36230,4
36231,9
36232,7
36233,6
36234,9
36235,2
36236,1
36237,9
36238,3
36239,2
36240,8
36241,0
36242,5
36243,4
36244,4
36245,5
36246,5
36247,8
36248,1
36249,0
36250,7
36251,4
36252,3
36253,2
36254,4
36255,6
36256,2
36257,4
36258,0
36259,7
36260,2
36261,1
36262,6
36263,5
36264,0
36265,4
36266,8
36267,4
36268,2
36269,9
36270,5
36271,7
36272,4
36273,8
36274,8
36275,4
36276,0
36277,8
36278,1
36279,6
36280,3
36281,1
36282,3
36283,4
36284,4
36285,6
36286,6
36287,3
36288,4
36289,9
36290,9
36291,8
36292,6
36293,8
36294,7
36295,1
36296,6
36297,8
36298,4
36299,7
36300,6
36301,1
36302,4
36303,9
36304,7
36305,8
36306,9
36307,7
36308,4
36309,7
36310,5
36311,0
36312,6
36313,5
36314,5
36315,9
36316,9
36317,1
36318,4
36319,0
36320,9
36321,7
36322,5
36323,3
36324,8
36325,6
36326,8
36327,8
36328,8
36329,3
36330,4
36331,7
36332,9
36333,7
36334,8
36335,5
36336,4
36337,9
36338,7
36339,0
36340,0
36341,4
36342,9
36343,9
36344,8
36345,8
36346,7
36347,6
36348,6
36349,2
36350,1
36351,8
36352,8
36353,7
36354,3
36355,7
36356,5
36357,4
36358,7
36359,4
36360,6
36361,1
36362,5
36363,5
36364,9
36365,6
36366,9
36367,4
36368,3
36369,6
36370,9
36371,0
36372,1
36373,9
36374,6
36375,4
36376,8
36377,0
36378,1
36379,5
36380,7
36381,7
36382,6
36383,4
36384,9
36385,7
36386,7
36387,7
36388,7
36389,0
36390,0
36391,2
36392,4
36393,0
36394,6
36395,6
36396,1
36397,4
36398,5
36399,9
36400,9
36401,0
36402,4
36403,9
36404,1
36405,7
36406,0
36407,2
36408,7
36409,7
36410,9
36411,4
36412,0
36413,8
36414,7
36415,0
36416,8
36417,7
36418,4
36419,7
36420,2
36421,4
36422,6
36423,5
36424,1
36425,0
36426,2
36427,0
36428,8
36429,5
36430,5
36431,6
36432,4
36433,3
36434,4
36435,9
36436,7
36437,6
36438,5
36439,9
36440,9
36441,7
36442,1
36443,2
36444,1
36445,8
36446,9
36447,5
36448,9
36449,1
36450,7
36451,7
36452,8
36453,3
36454,0
36455,7
36456,8
36457,5
36458,5
36459,5
36460,7
36461,1
36462,4
36463,9
36464,4
36465,9
36466,2
36467,6
36468,6
36469,4
36470,6
36471,6
36472,2
36473,3
36474,8
36475,7
36476,1
36477,9
36478,0
36479,8
36480,4
36481,9
36482,3
36483,8
36484,5
36485,0
36486,0
36487,6
36488,6
36489,8
36490,5
36491,1
36492,1
36493,7
36494,1
36495,2
36496,8
36497,2
36498,5
36499,3
36500,0
36501,8
36502,7
36503,8
36504,6
36505,4
36506,9
36507,6
36508,7
36509,9
36510,9
36511,6
36512,1
36513,8
36514,6
36515,5
36516,4
36517,5
36518,9
36519,1
36520,0
36521,9
36522,3
36523,6
36524,7
36525,7
36526,9
36527,4
36528,6
36529,1
36530,8
36531,9
36532,4
36533,5
36534,5
36535,4
36536,7
36537,7
36538,1
36539,4
36540,0
36541,1
36542,5
36543,6
36544,7
36545,5
36546,8
36547,0
36548,6
36549,6
36550,2
36551,1
36552,3
36553,8
36554,8
36555,7
36556,9
36557,4
36558,6
36559,9
36560,8
36561,7
36562,1
36563,1
36564,6
36565,5
36566,7
36567,8
36568,9
36569,0
36570,4
36571,1
36572,4
36573,9
36574,7
36575,7
36576,6
36577,9
36578,0
36579,7
36580,9
36581,7
36582,8
36583,6
36584,6
36585,6
36586,2
36587,0
36588,4
36589,8
36590,7
36591,9
36592,8
36593,4
36594,2
36595,2
36596,9
36597,0
36598,6
36599,9
36600,4
36601,2
36602,9
36603,5
36604,1
36605,5
36606,9
36607,1
36608,5
36609,9
36610,5
36611,8
36612,6
36613,6
36614,7
36615,1
36616,5
36617,0
36618,1
36619,6
36620,9
36621,6
36622,6
36623,7
36624,1
36625,5
36626,4
36627,1
36628,2
36629,0
36630,6
36631,1
36632,6
36633,4
36634,5
36635,9
36636,6
36637,0
36638,1
36639,9
36640,9
36641,1
36642,8
36643,1
36644,7
36645,4
36646,4
36647,5
36648,4
36649,0
36650,6
36651,1
36652,4
36653,6
36654,7
36655,0
36656,2
36657,1
36658,6
36659,0
36660,1
36661,1
36662,4
36663,1
36664,4
36665,4
36666,1
36667,1
36668,0
36669,0
36670,1
36671,1
36672,7
36673,2
36674,7
36675,6
36676,7
36677,0
36678,5
36679,5
36680,6
36681,1
36682,5
36683,1
36684,9
36685,9
36686,4
36687,8
36688,1
36689,5
36690,5
36691,5
36692,7
36693,7
36694,5
36695,5
36696,0
36697,1
36698,2
36699,7
36700,1
36701,3
36702,4
36703,3
36704,9
36705,4
36706,5
36707,9
36708,2
36709,7
36710,4
36711,6
36712,5
36713,0
36714,6
36715,2
36716,8
36717,4
36718,2
36719,5
36720,3
36721,6
36722,0
36723,1
36724,6
36725,8
36726,6
36727,1
36728,8
36729,3
36730,8
36731,4
36732,8
36733,1
36734,8
36735,9
36736,5
36737,5
36738,4
36739,9
36740,1
36741,8
36742,6
36743,2
36744,4
36745,8
36746,8
36747,4
36748,9
36749,8
36750,8
36751,8
36752,0
36753,2
36754,4
36755,2
36756,0
36757,8
36758,0
36759,4
36760,9
36761,8
36762,9
36763,7
36764,6
36765,2
36766,9
36767,2
36768,1
36769,1
36770,0
36771,7
36772,6
36773,8
36774,9
36775,1
36776,8
36777,4
36778,5
36779,7
36780,9
36781,4
36782,5
36783,4
36784,4
36785,3
36786,7
36787,9
36788,1
36789,9
36790,9
36791,9
36792,2
36793,2
36794,2
36795,9
36796,1
36797,3
36798,9
36799,1
36800,7
36801,8
36802,4
36803,1
36804,9
36805,0
36806,0
36807,0
36808,0
36809,0
36810,1
36811,4
36812,4
36813,5
36814,0
36815,7
36816,0
36817,5
36818,6
36819,6
36820,3
36821,2
36822,1
36823,7
36824,4
36825,7
36826,9
36827,9
36828,5
36829,7
36830,8
36831,2
36832,5
36833,7
36834,6
36835,6
36836,4
36837,9
36838,1
36839,8
36840,7
36841,5
36842,7
36843,4
36844,9
36845,0
36846,4
36847,4
36848,4
36849,4
36850,0
36851,1
36852,5
36853,4
36854,4
36855,6
36856,7
36857,7
36858,7
36859,5
36860,8
36861,9
36862,2
36863,7
36864,9
36865,5
36866,9
36867,7
36868,8
36869,0
36870,4
36871,8
36872,4
36873,2
36874,6
36875,6
36876,8
36877,0
36878,5
36879,0
36880,0
36881,6
36882,2
36883,4
36884,4
36885,9
36886,9
36887,1
36888,4
36889,8
36890,6
36891,4
36892,4
36893,8
36894,8
36895,9
36896,2
36897,6
36898,4
36899,0
36900,7
36901,9
36902,7
36903,7
36904,9
36905,7
36906,4
36907,5
36908,1
36909,6
36910,5
36911,2
36912,1
36913,2
36914,5
36915,7
36916,1
36917,9
36918,1
36919,3
36920,9
36921,9
36922,4
36923,1
36924,4
36925,0
36926,7
36927,2
36928,4
36929,4
36930,1
36931,2
36932,8
36933,4
36934,2
36935,8
36936,9
36937,9
36938,4
36939,4
36940,3
36941,6
36942,7
36943,1
36944,1
36945,4
36946,0
36947,6
36948,4
36949,8
36950,9
36951,6
36952,7
36953,4
36954,9
36955,4
36956,1
36957,9
36958,9
36959,0
36960,2
36961,4
36962,2
36963,0
36964,3
36965,7
36966,7
36967,0
36968,8
36969,5
36970,2
36971,6
36972,1
36973,1
36974,7
36975,0
36976,1
36977,0
36978,1
36979,1
36980,3
36981,7
36982,1
36983,6
36984,7
36985,5
36986,2
36987,5
36988,6
36989,5
36990,2
36991,1
36992,8
36993,4
36994,9
36995,6
36996,2
36997,2
36998,0
36999,1
37000,9
37001,7
37002,9
37003,4
37004,7
37005,8
37006,2
37007,1
37008,2
37009,8
37010,4
37011,5
37012,0
37013,4
37014,2
37015,6
37016,9
37017,8
37018,9
37019,7
37020,8
37021,8
37022,6
37023,4
37024,3
37025,4
37026,1
37027,1
37028,0
37029,7
37030,5
37031,7
37032,6
37033,1
37034,6
37035,4
37036,6
37037,6
37038,7
37039,9
37040,4
37041,1
37042,6
37043,7
37044,4
37045,8
37046,9
37047,5
37048,3
37049,2
37050,0
37051,9
37052,8
37053,1
37054,3
37055,0
37056,9
37057,7
37058,5
37059,9
37060,1
37061,5
37062,9
37063,5
37064,7
37065,6
37066,1
37067,2
37068,7
37069,5
37070,6
37071,0
37072,0
37073,1
37074,6
37075,7
37076,6
37077,8
37078,9
37079,4
37080,5
37081,0
37082,9
37083,9
37084,6
37085,1
37086,7
37087,6
37088,7
37089,2
37090,8
37091,0
37092,0
37093,0
37094,5
37095,4
37096,2
37097,2
37098,5
37099,0
37100,3
37101,6
37102,5
37103,6
37104,0
37105,1
37106,5
37107,7
37108,8
37109,5
37110,8
37111,6
37112,3
37113,8
37114,1
37115,7
37116,1
37117,6
37118,7
37119,4
37120,9
37121,4
37122,2
37123,2
37124,7
37125,9
37126,9
37127,7
37128,2
37129,9
37130,2
37131,7
37132,9
37133,4
37134,6
37135,5
37136,4
37137,4
37138,6
37139,2
37140,4
37141,1
37142,9
37143,9
37144,2
37145,8
37146,6
37147,5
37148,9
37149,0
37150,0
37151,1
37152,7
37153,3
37154,8
37155,4
37156,7
37157,9
37158,7
37159,9
37160,8
37161,7
37162,1
37163,8
37164,9
37165,9
37166,2
37167,7
37168,3
37169,3
37170,9
37171,2
37172,8
37173,9
37174,5
37175,5
37176,5
37177,1
37178,9
37179,7
37180,1
37181,7
37182,4
37183,9
37184,7
37185,7
37186,9
37187,7
37188,9
37189,1
37190,0
37191,2
37192,8
37193,7
37194,6
37195,2
37196,0
37197,0
37198,7
37199,1
37200,6
37201,5
37202,4
37203,9
37204,9
37205,3
37206,0
37207,6
37208,9
37209,7
37210,8
37211,1
37212,9
37213,6
37214,8
37215,2
37216,2
37217,4
37218,1
37219,9
37220,4
37221,9
37222,2
37223,7
37224,9
37225,1
37226,9
37227,9
37228,8
37229,1
37230,1
37231,3
37232,6
37233,2
37234,9
37235,0
37236,5
37237,5
37238,9
37239,8
37240,2
37241,2
37242,2
37243,4
37244,9
37245,1
37246,3
37247,4
37248,0
37249,9
37250,4
37251,7
37252,8
37253,2
37254,4
37255,4
37256,7
37257,0
37258,7
37259,0
37260,3
37261,1
37262,9
37263,1
37264,6
37265,3
37266,3
37267,1
37268,0
37269,4
37270,0
37271,1
37272,6
37273,0
37274,4
37275,9
37276,4
37277,6
37278,2
37279,1
37280,1
37281,1
37282,0
37283,4
37284,1
37285,3
37286,4
37287,3
37288,0
37289,0
37290,5
37291,7
37292,1
37293,1
37294,9
37295,6
37296,7
37297,8
37298,9
37299,9
37300,1
37301,9
37302,8
37303,6
37304,9
37305,6
37306,2
37307,6
37308,7
37309,7
37310,0
37311,1
37312,4
37313,1
37314,7
37315,8
37316,8
37317,0
37318,0
37319,0
37320,0
37321,7
37322,9
37323,1
37324,1
37325,3
37326,5
37327,4
37328,8
37329,9
37330,6
37331,5
37332,5
37333,1
37334,7
37335,0
37336,4
37337,3
37338,9
37339,0
37340,3
37341,2
37342,7
37343,6
37344,2
37345,4
37346,8
37347,4
37348,5
37349,2
37350,9
37351,3
37352,1
37353,7
37354,4
37355,4
37356,8
37357,6
37358,2
37359,0
37360,9
37361,9
37362,0
37363,1
37364,9
37365,9
37366,1
37367,2
37368,7
37369,7
37370,0
37371,5
37372,5
37373,7
37374,9
37375,2
37376,9
37377,4
37378,0
37379,5
37380,5
37381,5
37382,1
37383,2
37384,9
37385,4
37386,2
37387,6
37388,2
37389,9
37390,5
37391,2
37392,4
37393,1
37394,5
37395,7
37396,9
37397,4
37398,8
37399,6
37400,1
37401,9
37402,3
37403,0
37404,2
37405,0
37406,7
37407,7
37408,7
37409,5
37410,6
37411,7
37412,4
37413,6
37414,5
37415,6
37416,8
37417,4
37418,0
37419,4
37420,6
37421,8
37422,9
37423,4
37424,9
37425,6
37426,1
37427,0
37428,6
37429,7
37430,4
37431,6
37432,9
37433,8
37434,6
37435,3
37436,1
37437,0
37438,0
37439,4
37440,7
37441,5
37442,7
37443,9
37444,1
37445,0
37446,0
37447,9
37448,2
37449,7
37450,0
37451,0
37452,0
37453,2
37454,4
37455,9
37456,6
37457,9
37458,7
37459,1
37460,1
37461,9
37462,2
37463,6
37464,4
37465,8
37466,7
37467,1
37468,6
37469,2
37470,2
37471,6
37472,1
37473,4
37474,1
37475,6
37476,4
37477,5
37478,0
37479,4
37480,1
37481,7
37482,2
37483,7
37484,6
37485,7
37486,6
37487,9
37488,9
37489,1
37490,7
37491,7
37492,1
37493,1
37494,9
37495,9
37496,1
37497,0
37498,8
37499,5
37500,8
37501,6
37502,2
37503,9
37504,3
37505,9
37506,1
37507,6
37508,6
37509,3
37510,1
37511,2
37512,7
37513,2
37514,7
37515,8
37516,9
37517,6
37518,7
37519,1
37520,9
37521,9
37522,8
37523,9
37524,5
37525,7
37526,4
37527,2
37528,6
37529,8
37530,2
37531,6
37532,6
37533,9
37534,9
37535,5
37536,7
37537,7
37538,3
37539,2
37540,2
37541,4
37542,7
37543,0
37544,9
37545,2
37546,7
37547,5
37548,4
37549,5
37550,9
37551,6
37552,3
37553,6
37554,2
37555,5
37556,6
37557,7
37558,4
37559,6
37560,9
37561,0
37562,8
37563,0
37564,4
37565,8
37566,8
37567,4
37568,4
37569,0
37570,7
37571,5
37572,1
37573,6
37574,5
37575,9
37576,9
37577,1
37578,9
37579,9
37580,8
37581,7
37582,2
37583,4
37584,9
37585,6
37586,2
37587,5
37588,7
37589,4
37590,9
37591,0
37592,2
37593,8
37594,0
37595,8
37596,4
37597,2
37598,6
37599,5
37600,7
37601,4
37602,1
37603,1
37604,4
37605,3
37606,9
37607,1
37608,1
37609,2
37610,4
37611,6
37612,6
37613,6
37614,0
37615,5
37616,1
37617,8
37618,0
37619,9
37620,6
37621,5
37622,2
37623,0
37624,1
37625,1
37626,8
37627,2
37628,5
37629,1
37630,6
37631,8
37632,1
37633,4
37634,8
37635,0
37636,4
37637,8
37638,8
37639,8
37640,1
37641,9
37642,5
37643,6
37644,7
37645,9
37646,7
37647,0
37648,9
37649,5
37650,9
37651,8
37652,2
37653,6
37654,9
37655,6
37656,0
37657,1
37658,6
37659,2
37660,2
37661,2
37662,2
37663,6
37664,3
37665,6
37666,2
37667,0
37668,8
37669,9
37670,6
37671,4
37672,4
37673,8
37674,3
37675,4
37676,1
37677,9
37678,2
37679,4
37680,6
37681,2
37682,1
37683,9
37684,0
37685,5
37686,0
37687,5
37688,2
37689,1
37690,4
37691,2
37692,4
37693,9
37694,2
37695,2
37696,0
37697,0
37698,4
37699,8
37700,9
37701,6
37702,4
37703,0
37704,5
37705,9
37706,4
37707,4
37708,6
37709,4
37710,9
37711,4
37712,0
37713,1
37714,1
37715,6
37716,0
37717,7
37718,0
37719,6
37720,0
37721,1
37722,6
37723,1
37724,1
37725,5
37726,1
37727,9
37728,2
37729,3
37730,1
37731,9
37732,2
37733,9
37734,8
37735,2
37736,1
37737,7
37738,6
37739,4
37740,6
37741,9
37742,1
37743,0
37744,6
37745,9
37746,6
37747,1
37748,2
37749,9
37750,1
37751,8
37752,1
37753,4
37754,9
37755,7
37756,8
37757,6
37758,9
37759,8
37760,9
37761,8
37762,6
37763,7
37764,6
37765,2
37766,7
37767,0
37768,9
37769,1
37770,2
37771,1
37772,6
37773,0
37774,1
37775,2
37776,7
37777,1
37778,7
37779,5
37780,5
37781,7
37782,4
37783,7
37784,0
37785,4
37786,9
37787,5
37788,2
37789,2
37790,2
37791,0
37792,5
37793,1
37794,0
37795,6
37796,8
37797,1
37798,7
37799,3
37800,0
37801,5
37802,6
37803,7
37804,1
37805,0
37806,1
37807,7
37808,7
37809,1
37810,5
37811,7
37812,6
37813,1
37814,6
37815,9
37816,5
37817,9
37818,2
37819,8
37820,9
37821,5
37822,0
37823,4
37824,1
37825,8
37826,9
37827,0
37828,4
37829,1
37830,9
37831,8
37832,7
37833,4
37834,4
37835,0
37836,8
37837,1
37838,9
37839,5
37840,4
37841,0
37842,9
37843,0
37844,9
37845,8
37846,4
37847,0
37848,9
37849,9
37850,7
37851,8
37852,1
37853,1
37854,1
37855,2
37856,2
37857,9
37858,8
37859,7
37860,7
37861,4
37862,7
37863,0
37864,1
37865,0
37866,6
37867,5
37868,5
37869,1
37870,1
37871,6
37872,1
37873,7
37874,5
37875,4
37876,3
37877,1
37878,1
37879,7
37880,2
37881,7
37882,7
37883,3
37884,9
37885,6
37886,0
37887,4
37888,7
37889,6
37890,4
37891,2
37892,8
37893,4
37894,6
37895,9
37896,0
37897,8
37898,2
37899,9
37900,5
37901,9
37902,0
37903,6
37904,6
37905,8
37906,1
37907,8
37908,4
37909,0
37910,4
37911,7
37912,7
37913,9
37914,1
37915,5
37916,1
37917,1
37918,9
37919,0
37920,5
37921,1
37922,8
37923,5
37924,4
37925,1
37926,8
37927,9
37928,1
37929,0
37930,8
37931,4
37932,8
37933,5
37934,4
37935,4
37936,9
37937,2
37938,1
37939,8
37940,2
37941,9
37942,4
37943,0
37944,7
37945,9
37946,6
37947,1
37948,2
37949,7
37950,4
37951,9
37952,4
37953,8
37954,1
37955,0
37956,9
37957,2
37958,2
37959,4
37960,4
37961,9
37962,1
37963,0
37964,9
37965,1
37966,6
37967,2
37968,9
37969,4
37970,9
37971,4
37972,4
37973,5
37974,6
37975,7
37976,9
37977,2
37978,9
37979,7
37980,9
37981,5
37982,9
37983,9
37984,8
37985,7
37986,6
37987,0
37988,0
37989,2
37990,7
37991,0
37992,1
37993,9
37994,8
37995,6
37996,4
37997,6
37998,1
37999,9
